<assembly xmlns="http://maven.apache.org/plugins/maven-assembly-plugin/assembly/1.1.0" xmlns:xsi="http://www.w3.org/2001/XMLSchema-instance"
  xsi:schemaLocation="http://maven.apache.org/plugins/maven-assembly-plugin/assembly/1.1.0 http://maven.apache.org/xsd/assembly-1.1.0.xsd">
  <formats>
    <format>zip</format>
  </formats>
   <fileSets>
     <fileSet>
      <directory>${project.basedir}</directory>
      <outputDirectory>/</outputDirectory>
      <excludes>
        <exclude>**/environment/**</exclude>
        <exclude>**/target/**</exclude>
      </excludes>
    </fileSet>
  </fileSets>
</assembly>